z,ZGasMassQ50,ZGasMassQ16,ZGasMassQ84,NeutralGasMassQ50,NeutralGasMassQ16,NeutralGasMassQ84,Metallicity
0.01,5436862.93297882,5027532.16644231,5879689.57996807,266546790.696399,246476764.450108,288260803.522573,0.0199896679834569
0.26,5112552.28988796,4705982.87206947,5555058.50154304,268562284.977903,247465663.935004,291628280.589461,0.0186811193200248
0.51,4358232.90042502,3996798.74371191,4749593.86096351,257125341.598162,236653675.180516,279451387.776391,0.0166673295207251
0.76,3438364.16259947,3141460.51222809,3763118.65001578,238858571.468211,219517000.955658,260025561.011139,0.0141907042845912
1.01,2523940.38536965,2295689.3761269,2779684.77938857,214347325.936246,196603558.783189,233930712.229129,0.0116379658226678
1.26,1757128.15498807,1585138.97976118,1948383.8426969,186498825.120557,170424816.434942,204226556.868906,0.00933371893114162
1.51,1184676.93013204,1057660.43433475,1320647.14122327,158538243.668559,144169357.05962,174085170.810428,0.0074170753057326
1.76,787862.224175864,696649.703625567,883122.744183321,132922129.687263,120276119.230004,146395879.746694,0.00589232123129359
2.01,522368.410752218,458596.233434223,589245.918919688,110549324.905141,99638758.2461336,122161365.833872,0.00470298412815745
2.26,347910.816097717,303464.350014581,395646.807344624,91656400.874921,82301001.765221,101728035.608788,0.00378146208262628
2.51,233604.774837753,202401.828862494,268104.887718653,76005733.7383367,68003540.7215792,84742567.1718276,0.00306409760883989
2.76,158282.928095283,136084.317915887,183757.435364567,63136433.9968768,56256215.6395066,70810447.9465532,0.00250072890416601
3.01,108375.111233343,92303.3327624233,127486.738771357,52576316.3822032,46622886.5690858,59375561.6565915,0.00205705126406299
3.26,74920.344565541,63047.394686346,89399.1124249587,43911969.0644502,38699743.9647834,49954160.3528739,0.00170324261551864
3.51,52373.8397491284,43449.3034681106,63515.9438273891,36808860.1140443,32194648.7142653,42227976.3962014,0.00142083794087796
3.76,36862.1221585261,30068.4122895018,45579.8094727041,30909941.0813055,26792289.9295757,35834089.9739327,0.00119114474978792
4.01,26193.9135711839,20963.2453272625,33061.9726068963,26002024.7763729,22312322.7845218,30476118.9479513,0.00100636597084163
4.26,18808.6989771367,14726.2511901736,24291.4128909236,21977660.6125181,18625483.2075288,26093944.0825854,0.000855078090523706
4.51,13605.6256626247,10416.4128711591,17991.4606034426,18605442.4849625,15567765.7000796,22385563.3304815,0.000730736908878846
4.76,9913.72959345317,7414.48722411418,13431.0021100113,15779287.4391644,13026148.2359122,19248700.8461492,0.00062788037770204
5.01,7291.80251623109,5320.27539540909,10136.4190063692,13423342.7036012,10916124.1110023,16633094.2486944,0.000542923159208137
5.26,5419.30378834934,3856.95802805867,7716.4407030996,11439076.6366038,9156225.7634223,14390315.7617161,0.000473529268267942
5.51,4054.341700687,2810.94890015453,5919.39745091466,9774592.90193686,7688674.06464688,12501738.3515599,0.000414611714654595
5.76,3058.62557419347,2067.45359938782,4570.24168458737,8361792.76817002,6460106.23164833,10865945.6553625,0.000365652111462602
6.01,2334.59999009587,1539.63432123186,3568.12814198559,7177753.00154879,5441348.59543118,9484631.48947038,0.000325149234891717
6.26,1791.16080148891,1153.61929504642,2798.74427452875,6164641.54220011,4585415.24197821,8285906.82454575,0.000290469528779101
6.51,1389.75568549545,875.182093946608,2217.53364750505,5307664.15126921,3868953.50533203,7259664.60529226,0.000261770874783342
6.76,1089.01069180653,672.238810141276,1772.22072880495,4577933.36033694,3270629.78563856,6373682.38981475,0.000237826025637405
7.01,853.501324456152,516.603851947083,1418.05299960153,3952820.10709548,2768340.07207293,5607145.46313105,0.000215875514518572
7.26,684.48020999585,407.541626742942,1155.47923487466,3421142.86232473,2348159.9052625,4941184.7291799,0.000200033532226328
7.51,550.071941689954,322.022624511484,943.875040414687,2967289.71145277,1994511.20484412,4366169.61905845,0.000185344217288175
7.76,441.843562760768,254.365203236532,769.981486817052,2572999.70504014,1693429.99942403,3854500.21711342,0.000171693646199441
8.01,363.493891346098,205.917052521016,642.388908207243,2241435.64095275,1441414.26310535,3423337.0684159,0.000162143827114724
8.26,299.402475102959,167.104345786126,536.101162923049,1949105.18088083,1225559.99849008,3033891.80780531,0.00015358662724981
8.51,247.752331961273,136.157082605315,449.637901531246,1701494.77792371,1045226.79934037,2700977.33419714,0.000145587436146436
8.76,205.288658434914,111.110423784395,377.43034190948,1486352.38689977,891962.149664567,2405685.18680477,0.000138096665746809
9.01,172.98537809113,92.269494719974,321.884357277631,1298212.87454165,761341.118910421,2143200.30115249,0.000133231101347501
9.26,146.876088890747,77.1512706362742,276.68693104026,1138524.27635504,652043.527781054,1918241.54634535,0.000128989031271677
9.51,124.622764571398,64.4907113816291,237.569943995681,996877.036618318,557777.81430874,1713542.38994552,0.000124997549802008
9.76,106.188160468143,54.1113265746094,205.022902444094,875770.469485004,478542.685696662,1537267.64023039,0.000121236431569712
10.01,90.6623831230451,45.4891895100108,177.208064401982,770274.775077199,411022.2487236,1380213.39608842,0.00011768750091117
10.26,77.842742894568,38.4309980461049,154.003934623399,676686.277411375,352736.195343607,1237214.6704955,0.000115021970840924
10.51,67.7516974021115,32.8565842394699,135.846398977036,597554.771268038,304191.143706386,1115638.8916683,0.000113368714863562
10.76,58.9652508374118,28.104630736561,119.734375119393,527344.93577299,262355.110641757,1004499.17508587,0.000111802834076398
11.01,51.3807400251619,24.0686017242569,105.658580445429,465699.799771165,226460.205698697,904893.880135925,0.000110318002777295
11.26,44.9699837811247,20.6942361453555,93.6730108595173,412870.417223412,196187.420438042,818445.126903731,0.000108908471745955
11.51,39.3809572444172,17.8170048007078,83.0027701231918,366060.102032967,170136.394626468,739404.840750732,0.00010756900535003
11.76,34.5756394577046,15.3779161941779,73.7312825276983,325245.972479531,147866.205532598,669268.114926258,0.00010629482659706
12.01,30.4545341257008,13.3149488255832,65.7127761163223,289787.583171396,128882.956579578,607451.746189289,0.000105081568996906
12.26,26.9468719849823,11.5725375620589,58.9159203122804,258085.447773337,112398.540816631,550719.176686121,0.000104399759732618
12.51,23.9972795882306,10.1180487577596,53.2147351614708,230666.323771568,98422.4787908883,500886.642212757,0.000104023781660563
12.76,21.4421698720426,8.88528999036116,48.2002497409065,206819.919658261,86557.6489114328,456720.29816859,0.000103664807089499
13.01,19.1561402814392,7.81270479883871,43.6145886781112,185383.576951023,76215.6537629552,415925.812796904,0.000103321779361286
13.26,17.1911324016198,6.90760410508504,39.6101011532442,166897.176192629,67476.6235646802,380074.223290819,0.000102993724729182
13.51,15.4822172614171,6.13459018386334,36.0675556490869,150766.128409253,60002.6339209284,348143.425906117,0.000102679744546346
13.76,13.9503905048768,5.45870511586473,32.8175839789636,136248.265226608,53457.7100438785,318590.463188192,0.000102379008309071
14.01,12.6296627104907,4.88856200928243,29.9678001618083,123697.530426419,47930.9670572326,292533.799210067,0.000102090747448644
14.26,11.4836845217065,4.4052273498705,27.4474383080331,112779.059353102,43241.1583752717,269359.791174561,0.000101814249780461
14.51,10.4468020074781,3.97947122017167,25.1164292675283,102864.194725793,39104.7025151896,247752.174033206,0.000101548854531415
14.76,9.54723248951759,3.61813104878583,23.0531841569655,94243.1962887084,35591.334142872,228529.288318951,0.000101293947877182
15.01,8.77558184228871,3.3140590697452,21.2415776775931,86836.0760149506,32633.1707472285,211580.419695095,0.000101048958930028
15.26,8.079072349104,3.04510824002855,19.573944496252,80099.2117357517,30009.1023197214,195719.871018024,0.00010085314666873
15.51,7.48239591046821,2.81723285939072,18.1450565137482,74183.5186548099,27763.4233242049,181432.420080968,0.00010085314666873
